<?xml version='1.0' encoding='utf-8' standalone='yes' ?>
<map>
    <int name="pref_key__desktop_background_color" value="0" />
    <boolean name="pref_key__desktop_show_position_indicator" value="true" />
    <int name="pref_key__desktop_current_position" value="0" />
    <string name="pref_key__desktop_orientation">1</string>
    <boolean name="pref_key__drawer_show_card_view" value="true" />
    <int name="pref_key__drawer_card_color" value="-1342177280" />
    <boolean name="pref_key__dock_enable" value="true" />
    <int name="pref_key__drawer_background_color" value="-1342177280" />
    <string name="pref_key__date_bar_date_format_type">1</string>
    <int name="pref_key__drawer_fast_scroll_color" value="-12430157" />
    <int name="pref_key__minibar_background_color" value="-10720320" />
    <string name="pref_key__minibar_items">EditMinibar%%%SetWallpaper%%%LockScreen%%%LauncherSettings%%%VolumeDialog%%%DeviceSettings%%%Camera</string>
    <boolean name="pref_key__gesture_feedback" value="true" />
    <int name="pref_key__animation_speed" value="100" />
    <boolean name="pref_key__search_bar_force_browser" value="false" />
    <boolean name="pref_key__gesture_quick_swipe" value="true" />
    <int name="pref_key__dock_background_color" value="0" />
    <int name="pref_key__dock_columns" value="7" />
    <string name="pref_key__gesture_pinch_in">DeviceSettings</string>
    <boolean name="pref_key__first_start" value="false" />
    <string name="pref_key__date_bar_date_format_custom_2">MMMM yyyy', KW 'ww</string>
    <string name="pref_key__search_bar_base_uri">https://duckduckgo.com/?kae=c&amp;k1=-1&amp;kaj=m&amp;kv=l&amp;kp=-1&amp;q={query}</string>
    <string name="pref_key__date_bar_date_format_custom_1">EEEE', 'dd'.'</string>
    <string name="pref_key__theme">2</string>
    <int name="pref_key__desktop_columns" value="9" />
    <boolean name="pref_key__queue_restart" value="false" />
    <int name="pref_key__drawer_rows" value="6" />
    <string name="pref_key__desktop_wallpaper_scroll">0</string>
    <boolean name="pref_key__search_bar_show_hidden_apps" value="false" />
    <boolean name="pref_key__gesture_notifications" value="true" />
    <boolean name="pref_key__search_bar_enable" value="true" />
    <int name="pref_key__dock_rows" value="1" />
    <boolean name="pref_key__desktop_lock" value="false" />
    <boolean name="pref_key__show_intro" value="false" />
    <string name="pref_key__language"></string>
    <boolean name="pref_key__desktop_show_grid" value="true" />
    <boolean name="pref_key__desktop_show_label" value="true" />
    <boolean name="pref_key__drawer_show_position_indicator" value="true" />
    <int name="pref_key__drawer_label_color" value="-1" />
    <string name="pref_key__desktop_indicator_style">0</string>
    <boolean name="pref_key__drawer_remember_position" value="true" />
    <int name="pref_key__desktop_folder_color" value="-1" />
    <string name="pref_key__gesture_swipe_down">ShowNotifications</string>
    <int name="pref_key__drawer_columns" value="5" />
    <int name="pref_key__primary_color" value="-10720320" />
    <string name="pref_key__drawer_style">1</string>
    <boolean name="pref_key__drawer_show_label" value="true" />
    <int name="pref_key__desktop_inset_color" value="0" />
    <int name="pref_key__desktop_rows" value="6" />
    <string name="pref_key__gesture_double_tap">LockScreen</string>
    <boolean name="pref_key__dock_show_label" value="true" />
    <int name="pref_key__icon_size" value="56" />
    <boolean name="pref_key__desktop_fullscreen" value="false" />
    <int name="pref_key__date_bar_date_text_color" value="-1" />
    <string name="pref_key__gesture_swipe_up">AppDrawer</string>
    <boolean name="pref_key__search_bar_starts_with" value="true" />
</map>
